{
  "h": 0.6781,
  "Omega_cdm": 0.26058304304812047,
  "Omega_r": 9.083947916887529e-05,
  "Omega_de": 0.6900261174727106,
  "rho_crit": 127599941775.00002,
  "rho0": 39541058249.99999,
  "a_c": 0.00031622776601683794,
  "z_c": 3161.277660168379
}