{
  "h": 0.55,
  "Omega_cdm": 0.165,
  "Omega_r": 0.00011431271331023915,
  "Omega_de": 0.8498856872866899,
  "rho_crit": 83943750000.00002,
  "rho0": 16788750000.000004,
  "a_c": 0.0031622776601683794,
  "z_c": 315.2277660168379
}