{
  "h": 0.8,
  "Omega_cdm": 0.165,
  "Omega_r": 8.084713430245037e-05,
  "Omega_de": 0.7499191528656975,
  "rho_crit": 177600000000.00003,
  "rho0": 35520000000.00001,
  "a_c": 0.0031622776601683794,
  "z_c": 315.2277660168379
}