{
  "h": 0.55,
  "Omega_cdm": 0.26058304304812047,
  "Omega_r": 0.00013808189713730698,
  "Omega_de": 0.6899788750547422,
  "rho_crit": 83943750000.00002,
  "rho0": 26012744694.870667,
  "a_c": 0.0031622776601683794,
  "z_c": 315.2277660168379
}