{
  "h": 0.55,
  "Omega_cdm": 0.4007,
  "Omega_r": 0.00013808189713730698,
  "Omega_de": 0.5498619181028628,
  "rho_crit": 83943750000.00002,
  "rho0": 37774687500.00001,
  "a_c": 0.0031622776601683794,
  "z_c": 315.2277660168379
}